date,time,location
2018-12-29,11:00:00,FS-100
2018-12-29,11:00:00,FS-100
2018-12-29,11:00:00,FS-100
2018-12-29,11:00:00,FS-100
2018-12-29,11:00:00,FS-100
2018-12-29,11:00:00,FS-100
2018-12-29,11:00:00,FS-100
2018-12-29,11:00:00,FS-100
2018-12-29,11:00:00,FS-200
2018-12-29,11:00:00,FS-200
2018-12-29,11:00:00,FS-200
2018-12-29,11:00:00,FS-200
2018-12-29,11:00:00,FS-200
2018-12-29,11:00:00,FS-200
2018-12-29,11:00:00,FS-300
2018-12-29,11:00:00,FS-300
2018-12-29,11:00:00,FS-300
2018-12-29,11:00:00,FS-300
2018-12-29,11:00:00,FS-300
2018-12-29,11:00:00,FS-300
2018-12-29,11:00:00,FS-300
2018-12-29,11:00:00,FS-300
2018-12-29,11:00:00,FS-300
2018-12-29,11:00:00,FS-300
2018-12-29,11:00:00,FS-300
2018-12-29,11:00:00,FS-300
2018-12-29,11:00:00,FS-300
